00199eb3fd1a0aa6771b7f12fad895a0	darkkomet
001fc372acc853aa1cf92588a43a7deb	vobfus
00e1c4a654756dd6c9c81437c01ee3dd	winspy
01055838361f534ab596b56a19c70fef	SINGLETON:01055838361f534ab596b56a19c70fef
0115ba22a0d009a13d0748027dd62e2a	spyeye
011961a42700e7385a106d362eb661c7	SINGLETON:011961a42700e7385a106d362eb661c7
0187e62ca40cb3d556a2c5825620bd8f	winspy
025d07f4610605031e501e6745d663aa	spyeye
033ccd3a926441c49d3898dab97aefed	raznew
0418e7f95a8b94c035e10749234f8378	tibs
04a5a52f12d2a130bb88f98c3bc14aa8	offend
05177f77f075293ff7d58a7f2915c64f	prosti
052d18e119f9a2910ed18a137231a041	zhangpo
058ef1acc6456a924737d940f3cf81aa	delphigen
05a082d441d9cf365749c0e1eb904c85	remserv
0629e3b2ab8a973a3e37e4e97cb9cfea	floder
065d89c63fa1057de98c727d4b044b98	SINGLETON:065d89c63fa1057de98c727d4b044b98
06cbbff745c60c46e0996928c00ef28f	dycler
07122dd3b069bbbb445e060c1249d5a2	tofger
07cd532823d6ab05d6e5e3a56f7afbfd	smwg
0857f2c8541dba287d648eec17163d3f	hupigon
095651e1704b501123b41ea2e9736820	SINGLETON:095651e1704b501123b41ea2e9736820
099a169f81089dc493ea300ef0309f70	bayrob
09dd14d3988e08a56798b1480c55a5b0	SINGLETON:09dd14d3988e08a56798b1480c55a5b0
0adb0e2ac8aa969fb088ee95c4a91536	agenttesla
0b2a0f61a209e24a7d7b2c2d5efb4d68	ardamax
0b3c2053a7c09aa25ba81f2bdebbb873	ngrbot
0b8cf90ab9820cb3fcb7f1d1b45e4e57	psychward
0ba104d752eb63194c356c309196c710	mhtserv
0c4502d6655264a9aa420274a0ddeaeb	conti
0d1f873f6816debd244e1e77509f6ba7	bnlite
0e0fc966862971c29edd4dcaa0ba8e86	netbull
0e4fbfeb6f7a98e437a497013b285ffc	ldpinch
0e6e40aad3e8d46e3c0c26ccc6ab94b3	psyrat
0e997ab441cd8c35010dd8db98aae2c2	wacatac
0eb4a9089d3f7cf431d6547db3b9484d	crthrazy
0faecbdfccf3144d487971ed47f3665c	winshell
0fca0250fa3fe8ee7e1cf0cc45a6b2d8	subseven
10550ca42c32c22bdd0515020cff38dd	otorunp
1149c42fd8cf3ca7d00ef55a6337befe	ketch
1164ef21ef2af97e0339359c0dce5e7d	darksky
119cd00c48678d63ec07762a7ff08ac7	verify
121bf601275e2aed0c3a6fe7910f9826	hupigon
125364b0cdae80c10f00b75c8e2cfa47	nerte
13ce53de9ca4c4e6c58f990b442cb419	quux
13e878ed7e547523cffc5728f6ba4190	ryukcrypt
146ce177ab03b8f62a9fc6e7bbf40dc1	amighelo
146ec3f6c262d0f287e67ddb3cc69892	conti
15bda00b57e2ed729a45f7cfa62165da	bayrob
15ca804e4634d9586f85b1d15ebe91a0	netcontrol
16d598c01f7b391986c8c19eded005b1	hupigon
16fab35b51f9e6447f2a8c04db4ebe93	frauder
170d3ccf9f036c552aef6690bf419b2e	nucleroot
1717731c32830a31e84b74641a4fdec7	spynet
17da6737cb94c11fa2363772d8eac0b1	SINGLETON:17da6737cb94c11fa2363772d8eac0b1
17e3836682ffb0913459ece7c3f0786d	hupigon
19a14d0414aec62ef38378de2e8b259d	emegrab
1a4d58e281103fea2a4ccbfab93f74d2	denis
1a98a0a769e7351ba16e1b91e9f26692	bifrose
1ae08493913b2a0c8cbcb0541da5a8bc	hupigon
1b557d4f923b0de75e397686053a9022	augudor
1c255ef6fd44877700867f94a59875d2	lama
1d12f9b921b38d7b521f12442bdd52d8	simpel
1d40e72fb8cf300298df4b828b48ec29	spyeye
1d622f8c72b010b8d7213c032db122e4	zegost
1d6d6d3c077250b7b3ad053e71054ecc	dycler
1dd6eb39a388f4c8a3eaf248d86aaabc	SINGLETON:1dd6eb39a388f4c8a3eaf248d86aaabc
1e3665a67201209609ae493a2a590bee	zombam
1e42493dcef54a62bc28e0a1338c1142	mnets
1ef711b34cc278449f1997e4ed06334a	antilam
1f84a5305b65d7f6aa3afa7e2f2bda0e	farfli
1fd45364073a81ddd707d74ba5d4c121	winshell
1fd70e41918c3a75c634b1c234ec36fb	infecdoor
204613443e555f73237ea43a2faecaa5	wollf
2047ac6183da4dfb61d2562721ba0720	aphexdoor
20863ba09c31037b1b3220fc6da100e1	neakse
209a288c68207d57e0ce6e60ebf60729	teslacrypt
20cfe4912b280ad141d51f1f7370bfa5	ramus
20daf01e941f966b21a7ae431faefc65	evilgoat
20e438d84aa2828826d52540d80bf7fa	SINGLETON:20e438d84aa2828826d52540d80bf7fa
20f0c736a966142de88dee06a2e4a5b1	conti
21cd8bab6b3569f7b375a69a37e36c50	secondthought
21f324a6a62d8125bc83b8d1865e17f9	hupigon
2271d942a23a89d7adea524d4ac3c13f	bulz
2337b9a12ecf50b94fc95e6ac34b3ecc	asyncrat
25e0570cc803cd77abc2268b41237937	nucleroot
273fd3f33279cc9c0378a49cf63d7a06	ntrc
274a6e846c5a4a2b3281198556e5568b	SINGLETON:274a6e846c5a4a2b3281198556e5568b
284f36e35db6a0aa9a493f39d834367e	hupigon
2862de561d91eedb265df4ae9b0fc872	remotenc
290477c9707f64a316888493ae67b1ef	antilam
2906b5dc5132dd1319827415e837168f	xlog
2910c3bea6732d5ed81a7c44d4354136	kaotic
2914f01e65d848655d4f1aac51ff04d1	antilam
2992b86d03c3922ed45fa09ef105f018	SINGLETON:2992b86d03c3922ed45fa09ef105f018
29bc048d58ab8038c7001ef0d5e69c9b	prexot
2a366cea300b84b4e6f8204a8c229266	hupigon
2a442d3da88f721a786ff33179c664b7	prosti
2a4fda4a6687981d32c2da7bdc1efcf1	kraimer
2aea3b217e6a3d08ef684594192cafc8	cryakl
2b576e7551afe1c7575dc680396f1b5b	indexer
2bcd471d9dd0a8d6194f4112c2ee520f	spirit
2bd5672432a545db03db0e09c120d42e	suomia
2cbd0fcf4d5fd5fb6c8014390efb0b21	hellza
2d1d6b0fd55eca12f58b8b6d80f8153f	jane
2d81bf2c55c81778533b55fb444d4dc6	prorat
2da85579b259e6de86590e067003e064	ataka
2e4573d8925be404a9a1ff49ee2f5bc3	nspm
2e4b6c5bd907995f6fd40c5eeab5c6e9	hupigon
2e507b75c0df0fcb2f9a85f4a0c1bc04	darkkomet
2f3f0e9be7edb73e545fc49b5a78b4f0	bayrob
2ffc2446a2a6cf04c06a85deb43b9fb8	lokilocker
304fb160949dcaec3e718481464f9ce6	banpak
30903ccbc6747c0da5a2775884b78def	bluanweb
317cd84b5c0d11a9c3aacdfe2bb6031c	tibia
339ec4617eababfd46006f2219e68cb8	skynetref
33f1dc8cf5987751ac0f063601f1c324	deltad
341b2c3222122bd25c8509fc09534dec	darkkomet
34c09f7fd6668c89a59ebdc8f12d1e7b	infexor
34fb086a88f3a2506b61a17cced3b476	phires
35100db8750364871fe70ef6de4833f7	afix
35cf54a19efcdeaa41899647075c7ef9	darkkomet
35f0d754f161af35241cb081c73ea6dd	avstral
360bbc9e0926488f085029948ff6c759	bancos
3648c68bfe395fb9980ae547d881572c	SINGLETON:3648c68bfe395fb9980ae547d881572c
36ca28db068b6f6634d633fe61d34a7d	SINGLETON:36ca28db068b6f6634d633fe61d34a7d
373b1d95ccdbbc6531dff43bbbe43534	vobfus
378b225b07979e12062f86ab1fbaf2ed	wuca
37d4a5ba123dd32f1e2c4ba0be14e77c	shodi
380ff48c4a28ac25f5efb630883eeb17	danmec
38745539b71cf201bb502437f891d799	lockbit
38f9ee3ce51ead0ce6bf2edcaa462611	rmtsvc
39e22b8b19f6aed59d2def00c4228d56	bifrose
3a36d7ab34b3241aa2a9072700e0cb7c	hupigon
3a505e7ea1beee556860488e34db8da6	dsocks
3a634db497c417679d7a20587d689d1f	celine
3b200c8173a92c94441cb062d38012f6	lockergoga
3b5564e88a0b8a41e4fd730891e635cc	easyserv
3b9e9e130d52fe95c8be82aa4b8feb74	stop
3c407448a00b2d53b2418f53b66d5b6b	minilash
3c55ee6753408bff2e3e6a392ed9f2a0	conti
3c5c6f0f6f78af12d6b76119696a4074	banload
3d4350282ae043177063de2ad4827b97	xrat
3dd1da64e306cae0409e154e15dd1b80	joiner
3ee4cb2e06eb1f7fe54c89db903f3e7a	burbul
3ee7a90b5fc3f2b7ba68911e8220df17	SINGLETON:3ee7a90b5fc3f2b7ba68911e8220df17
3f3ee9dce39e816b4001bd6ae66e8f1a	antilam
3f82e6ddc9f5242f5af200d2fbae4ce4	levelone
3fbec7c0623f5f80e4d9c096a50b0d59	reversetrojan
4087cffab90fa22c2882e2f97a467e8e	hanuman
40acf109fa9621eae6930ef18f804909	cabrotor
40f2238875fcbd2a92cfefc4846a15a8	avoslocker
423a5a63bed721e479c156b309bb58fd	sality
4243911d5ca5655d04de8895704fcae6	kibuv
4262a8b52b902aa2e6bf02a156d1b8d4	autocrat
434923afc32a7bc7355ed9a5224b9273	freddy
44aba241dd3f0d156c6ed82a0ab3a9e1	hive
45d413b46f1d14a45e8fd36921813d62	netspy
464d7073f884b586b17950eef2908a6e	nerte
4692b129b0034fd53cd76867d9869e49	pasta
46bfd4f1d581d7c0121d2b19a005d3df	satan
46e27d7bfdbda7a71dfa12a79026a88b	SINGLETON:46e27d7bfdbda7a71dfa12a79026a88b
47e819a6ce3d5e93819f4842cfbe23d6	smwg
4932471df98b0e94db076f2b1c0339bd	wollf
49da40a2ac819103da9dc5ed10d08ddb	coredoor
4a8d6bc838c09c6701abfa8b283fd0de	googite
4b5fc3a2489985f314b81d35eac3560f	-	[]
4b9a42ca1e65cf0a7febbe18f397ef24	psychward
4ba3c08d8ad964328f2b6f618f714df2	backlash
4c5c1731481ea8d67ef6076810c49e00	revil
4cf1f1d740d7acea4d3836228980ebcb	optix
4d10cd3fa86239ade05d2b741892b1e5	coredoor
4de6f4104a5fc2185164747a6fcf20ce	kuluoz
4f9376824718ff23a6238c877f73ff73	nefutur
50467c891bf7de34d2d65fa93ab8b558	-	[]
509e3d4839688c6173980dfba22ebd55	dcomrpc
5131a9b441c9f9b20228f171c327a4f5	netterrorist
52d1341f73c34ba2638581469120b68a	wollf
531d8b4ac8f7eb827d62424169321b2b	revetrat
54530f88c8e4f4371c9418f00c256b1d	msilheracles
5494b78dcfaf16aa43b5dbd563dc5582	wollf
551674fec6add7117c4be7f6b357e7cb	amhfa8ehr1p
5559e9f5e1645f8554ea020a29a5a3ee	lockfile
55822613e0d0f437f3ebe5c7f4155452	wdoor
55ce4b6c2ec10838c54dca54d96801d6	raznew
55feab480a43727c8a08feb7344afb4a	zombam
56a2b135c8d35561ea5b04694155eb77	winshell
56a93a2a0a4c6a09e2761f2e0351b020	lolbot
56d356c5b1ae3a91caac511179159034	zombam
57ab194d8c60ee97914eda22e4d71b68	alien
57bda78cc5fd6a06017148bae28e8e39	wisell
57dee3430d4531a2699f6520819a2ece	miniblacklash
5817183894cb513239f6aef28895130c	psyrat
584bc06128469423f9e50e8a359d18ac	SINGLETON:584bc06128469423f9e50e8a359d18ac
58be35e792476d1c015df7853112d200	oo0baupn8qlb
596882dfba543b23ad3225d24ee5e800	jtram
5a83f8b8c8a8b7a85b3ff632aa60e793	shark
5aa81ddc996be64116754efac0e4f55d	gatehell
5ac0f050f93f86e69026faea1fbb4450	ryuk
5b63a6e730f094d182c9030e3a57bcb8	pcik
5bc5f72d19019a2fa3b75896e82ae1e5	winshell
5be13eb16018ab69157f8c8e96e7d6bf	pazus
5c644104f96ccad7a8cf324c2e523530	darkkomet
5cddc4647fb1c59f5dc7f414ada7fad4	rarsfx
5d7908e7e95d0eb4a7351d24605e62a6	hupigon
5dfa998f62612e10d5d28d26948dd50f	aenjaris
5e2e6ca532c20ee6a59861d936df7076	rmfdoor
5ea9840970e78188f73eb1763363eeac	hotkeychick
5eb58198721d4ded363e41e243e685cc	azbreg
5f5b308853b9aa9243390c135ff6ba1b	comei
5f79b779acd4c9c75211835a2783bccb	wollf
5ff832ce6af4b03a709eaf380672cf34	dras
60a7d5e2d446110d84ef65f6a37af0eb	pluto
611dbff0d68df777c6d6881e00440143	bifrose
61285c988de52b7c067fb2e703f2ab83	bulz
6152709e741c4d5a5d793d35817b4c3d	radamant
618f28253d1268132a9f10819a6947f2	rebhip
61bec9f22a5955e076e0d5ddf6232f3f	daemonize
6209db6e8cfd7c7a315ca858129bd226	hkit
6268df4c9c805c90725dde4fe5ef6fea	beastdoor
62ad686f97faaa68f580d32d25333f51	barjac
63c55ad21e0771c7f9ca71ec3bfcea0f	ketch
64f2fd4dbd9039e5bc054f475eaa582a	SINGLETON:64f2fd4dbd9039e5bc054f475eaa582a
6547f34243104ba6e21154ad96b799a5	alyak
65a53a37843db2b86a67a9e23277c1bf	prorat
665a408981294ca49be23096363eec2f	hidd
6681d5e4b68abd21a14c704edf9e2ff5	pramro
66ef21e8d1cf30dce6e084a9e306c18f	remotemanipulator
66fa06a4e3e799b059910dc17de295ae	darkkomet
6748dfe8e64dea2fc4c14691f7e766c6	conti
68d135936512e88cc0704b90bb3839e0	armageddon
68ed9d6e4f3e917ab4b91689e2890754	fmjfbir1j9e
694d21679cc212c59515584d1b65dc84	blueadept
694ecf256c97ef6e206e2073d37e5944	skydance
6a2d09c4527cf222e4e2571b074fcc0c	levelone
6a3329d12323f4920dbf13afe1be6acd	banka
6a6ce3e7f24bf000d9a011a8f1905da8	directconnection
6a96fc226fbe9f0efbcc8a7b2e34b807	hupigon
6b2a9304d1c7a63365db0f9fd12d39b0	zxman
6b9afcad282516173c0ab8a6eb91e8b4	xyligan
6b9f5a0512af3ab33c26eaa4bdf94f1f	malex
6baf47d953de7e4e07aef9b1af0c0d72	rasflooder
6bf08611410e3ef7df67d781a2e8efed	coolvidoor
6c5081e9b65a52963b0b1ae612ef7eb4	zombam
6c51a5ba17ffd317ad08541e20131ef3	antinny
6c7b364dafe0560dfb15c9b03f1b44bd	subseven
6c9665de78ae60a8e057d2c9cdb91596	dsklite
6cc630843cabf23621375830df474bc5	dumador
6ec85a641656f63f4de853468509d3e3	subseven
6eece319bc108576bd1f4a8364616264	ninjaspy
6f484fea8f6bb3974185fc856f37541b	spyeye
6fab73bf104c6a9211b94f9559faa134	pcclient
6ff35087d789f7aca6c0e3396984894e	SINGLETON:6ff35087d789f7aca6c0e3396984894e
70711c4f594fe97ff6ab17039c133458	upload
70c5f8d61f6ac67091c0c5860e456427	psychward
710a77804637f65e22a2e230ff6444f9	conti
717f316391b6a7b97fa160b0a627a413	remotemanipulator
71a76adeadc7b51218d265771fc2b0d1	platinum
7361fe3620fb6e18467c8e15e224b0b8	darkmoon
74e65773735f977185f6a09f1472ea46	asprox
7588da376f496aa678cdfca4e404f38a	servstar
765698ccfb033c86eea6d293235d7ed0	bayrob
76c09bc82984c7f7ef55eb13018e0d87	bushtrommel
776e8bb41adf8bd95865c0b03637d8d7	nerte
783a191e7944e1af84ec0fa96d933f30	subseven
78a39875a0adb110cf3c7de3a0d1384c	ardamax
79affcb4051d36dde3d1543a4fd88368	hupigon
79d9908b6769e64f922e74a090f5ceeb	zombam
7a3c4ec00ba952207f25d1189c86ce22	silentium
7a96d7a1f28bfb6ae36a15263a8a7135	revil
7afe56286039faf56d4184c476683340	hupigon
7ba20fce7ac259f6062f73290c2e28cf	conti
7bd93c10c9373cfc2bcc8eff712631f1	xtrat
7c92e59e776355734781bbf05571d0f0	asprox
7cb253cf47b6de8adfea559e51950c17	comei
7d7ee58c2696794b3be958b165eb61a9	neshta
7e99aa748b61fd0802fa19cf9e4cf1f8	hupigon
7f314e798c150aedd9ce41ed39318f65	xtrat
7ff073cc9e4e6750ba52135ba02ee531	revil
80b0fc8c0657c0ae7971f09af45c706b	hupigon
80e98fdf726a3e727f3414bdbf2e86bb	netbull
81301fecc7d9ff6b28ac779d2f819673	bancos
8170928cd3e0f1a79b9d40ae19a4d217	winshell
8201ba6b542fc91c004110b2fc5395aa	prosti
82183b3d85311a39fb80ae07357594e5	remotemanipulator
821d3d5a9b15dc3388fe17f233cce296	latinu
8225bb6b430d5cdf523c4d0cabbe5793	cafeini
82641dabbb1f73dd775e200466a07ec1	verify
833868d3092bea833839a6b8ec196046	farfli
837ec70bfb305b5c862ff9b04e70a318	wisell
838f67d7a4b6824ec59892057aab3bb7	sylavriu
83fe2cc7aedc452d71c751053a2112c4	winshell
842f6f21a2a83792e98900df90c9340b	manbat
84c82835a5d21bbcf75a61706d8ab549	wannacry
851f8945d1b5923990f4722d627156a0	cafeini
853754de6b8ffbe1321a8c91aab5c232	SINGLETON:853754de6b8ffbe1321a8c91aab5c232
857999d2306f257b80d1b8f6a51ae8b0	guptachar
859aab793a42868343346163bd42f485	controlit
85f7ef2b6b8da9adb7723a13b91ac1c7	danton
867c6b432ccd4aa51adc5e2722a4b144	wollf
869c813722be90cf1b3708051103ce14	webmoner
86e63bb63f3baf48ad3bf24c3f5b7e40	gentee
885e74a43b4f7caec3cfb4dba0787de4	netcat
8872c2ec49ff3382240762a029631684	SINGLETON:8872c2ec49ff3382240762a029631684
88785a093b8fa00893214dd220ac255d	motivftp
89000e259ffbd107b7cc9bac66dcdcf5	xingdoor
8936c97e99799809812fa740076a2d7f	wimain
8abb41f6e7010d70c90f65fd9a740faa	doina
8b17a68d7b2291f217b63e0377ee2b3a	SINGLETON:8b17a68d7b2291f217b63e0377ee2b3a
8b470931114527b4dce42034a95ebf46	eclipse
8b484576f928c256277016104cc364c2	backattack
8b855e56e41a6e10d28522a20c1e0341	chaos
8bfac1f52a94f36b711e20bce30161cc	buzus
8c0e6ec6b8ac9eb1169e63df71f24456	pophot
8c2acfcc60dda52db9bd9a934284b673	sdbot
8c82de32ab2b407451b9fc054c09f717	darkkomet
8c9e7906d0ad5d0f2267be0057f2a8e3	mechbot
8ca35b7867e23a1bbb0fea6d51fc1b61	revil
8d0df60c96e4011c312d61ed3e6dc70e	kipis
8d42c01180be7588a2a68ad96dd0cf85	artra
8dc8abc99c1e7908fe9d048a4e360960	hupigon
8de56eef118187a89eeab972288ce94d	nucleroot
8df7527bd3446b89298c9c750394e0b6	detnat
8ed9a60127aee45336102bf12059a850	petya
8f13116d46a7097e14ef971d48d6a203	xocry
8f18703c433b5703a7131c1afeacfd74	subseven
8f44374d587eb1657d25da9628cb2b87	ipcscan
8f81373b0f0e6f60206a1a707de2ed77	SINGLETON:8f81373b0f0e6f60206a1a707de2ed77
90171763d1cc62102b08482bac54ea8b	whirlpool
90894ac48059687ea80e565f7529e53f	bo2k
911a97737bd26e2a478f52e74b4fa01d	winshell
911e63e28b1d177120cca16eacf3b602	wollf
911e96073cfe807289366343aa8d97ac	SINGLETON:911e96073cfe807289366343aa8d97ac
9185538b01ad700603f38fb0eb8b6e3b	spyeye
91b2d216c5d26d9db4289acf68fa1743	motivftp
91c02a95839a76a5d2e335cded7112a9	wollf
92ea873a2bbdaf0799d572bc4f30dc79	porlist
92f7f9495ffd56d05a5acf395c9e0097	SINGLETON:92f7f9495ffd56d05a5acf395c9e0097
94ccd337cbdd4efbbcc0a6c888abb87d	augudor
94d1b2510bf96fa6190cd65876bf4c38	subseven
9576a6a59715a69be499fa41d6383a64	sfydg
9603420a004d9559e610ddeb9d94e20a	hupigon
961fa85207cdc4ef86a076bbff07a409	bluesky
96de05212b30ec85d4cf03386c1b84af	lockbit
96f5cdfa5b3416c819d76060f11dc88d	psychward
9729e9fc004ea49d3c2ddee28736dae3	zombam
979635229dfcfae1aae74ae296ec78c8	revil
982479ad10ff048d566516254051e17e	cmke
9919c1e86a750dd6d4f0d2a851af29ea	adverbot
991c1f02c809cee860cb712896a45338	netcat
998022b70d83c6de68e5bdf94e0f8d71	blackbasta
99b4428521fa9d9da18e0ccd79e5b985	bionet
99e55ce93392068c970384ab24a0e13d	conti
9a8150938bff3a17fa0169c3dc6dae85	loselove
9acdbfc9f7c1f6e589485b30aa91bfd2	firefly
9adffcc98cd658a7f9c5419480013f72	latinus
9b12ff6b8b025e7fb0a171abad41c79c	psychward
9c23dad9ba11305fecf38bed46b0cec2	nuclear
9cec5a23887f0c73148ab3ea147a6fa4	bnlite
9d18d318e017b513b9c6cd193ccdc6ff	tscash
9d296ebd6b4f79457fcc61e38dcce61e	darkkomet
9d7be3799594a82bf7056905f501af03	ketch
9dbb6d56bc9a7813305883acd0f9a355	moonpie
9e1ef166901534c276b5eeeee511fe22	bifrose
9e22514c9b0e74c7fcb07b7c091f6123	psychward
9e44c10307aa8194753896ecf8102167	skeeyah
9e4f942c60044feef0fb48538ffac383	bifrose
9eb9197cd58f4417a27621c4e1b25a71	conti
9ede6951ea527f96a785c5e32b5079e6	kilo
9f11868c3beaa8e2c1f5c193f5888b85	minimal
9f178de7f9918288d93ac0f065f0aa2f	anaptix
9f39606d9e19771af5acc6811ccf557f	ninjaspy
9f80c3b1e7f5f6f7d0c8aea25fe83551	sharer
9f87546e667e5af59a8580ddf7fd43c7	lanfiltrator
9fa664bc52e1aa46a09ac51aaa6c7384	elzob
9fff4c02274c0162880844f27ff91407	nanocore
a0479e18283ed46e8908767dd0b40f8f	ipamor
a0edb91f62c8c083ec35b32a922168d1	whisper
a1d045151c809535a308311931588fd0	fantador
a2017b547da2f06c6d7c02398cc481f6	SINGLETON:a2017b547da2f06c6d7c02398cc481f6
a229acff4e0605ad24eaf3d9c44fdb1b	darkkomet
a2f1adfd7a35fd0e0207a24be169b4c1	singu
a344b767d58b6c83b92bb868727e021c	hupigon
a41431099989b44359273216072f8295	darkkomet
a4212f23e1cc3bb34b0dfe15b2ad323e	zombam
a4ea99b54e171274795f14a4ac7f17ba	SINGLETON:a4ea99b54e171274795f14a4ac7f17ba
a53351e8fa0cb4f7db3d0250387a0e4f	antilam
a6437375fff871dff97dc91c8fd6259f	subseven
a6916fb9b824e3d2edfe46be69ca2501	spysweep
a7ce38e60cf08f2b234f34043b87e701	silentspy
a83989d36f3b443a757eef1c99f1a373	asylum
a8818da39c7d36d9b5497d1a875798b8	bnlite
a8bb1744bedf43849ed808b7dfa32da4	aphexdoor
a8fc1b3f7a605dc06a319bf0e14ca68b	cafeini
a98cdaa89da57bf269873db63e22a939	sidex
aa703bc17e3177d3b24a57c5d2a91a0c	kipis
aabb54951546132e70a8e9f02bf8b5ba	lokirat
ab1aaa8f96c61684736da00ece5a9c83	revil
ab96d7f9e008a0774239be6be0c8e7bb	prorat
abc6a590d237b8ee180638007f67089e	bo2k
acfce60da9031e00c22818f2616d6424	dmcu
ad5c01b3e6d0254adfe0898c6d16f927	netcat
ae062bfe4abd59ac1b9be693fbc45f60	gofot
ae4a409d217bbd538009fbbb5457e754	schwarzesonne
ae4c226ad974c990391217f31db2a209	hupigon
ae99e6a451bc53830be799379f5c1104	cerber
aef85cf0d521eaa6aade11f95ea07ebe	oblivion
af207a19fbe313e3f7e123b6b2acffd4	scrop
af4868303124ee4f765a16328e8993a6	ranky
af7001c2d6284a1295638576bc138cb2	cabrotor
afe4e5219829a286e0b84025b073c259	hamer
aff493ed1f98ed05c360b462192d2853	SINGLETON:aff493ed1f98ed05c360b462192d2853
b012704cad2bae6edbd23135394b9127	autospy
b02cc578d2e7f24fb67ec0afc42a9e13	wingate
b125a9a083447ad7d437e3e7f3ed5325	wollf
b1cec4b806c71c82bbd9002bdaf21d1f	surila
b24c56abb4bde960c2d51d4e509d2c68	cafeini
b297c565899ace88f40e5da833f41561	tonerok
b3b19524967d22d6eb7517b03b660b00	SINGLETON:b3b19524967d22d6eb7517b03b660b00
b4638a10f7cfdbf39b9fef7539c63852	cosmu
b485c36f28c5c967a50001c9e8d2c29c	conti
b4a35ae6dcceea6390769829b4e1506f	darkkomet
b6bfdfe91c3e37865b6a269dc9ff9302	ipamor
b83836d7e6b0893e08d88a7850ca84ee	migbot
b85ae73dbbfff1d3b90cb7c78356f2a3	SINGLETON:b85ae73dbbfff1d3b90cb7c78356f2a3
b8e1e5b832e5947f41fd6ae6ef6d09a1	sekur
ba815d409cd714c0eac010b5970f6408	onalf
baf102927947289e4d589028620ce291	reline
bb309bdd071d5733efefe940a89fcbe8	redkod
bba63df41adcf2cf80c74e4a62539d44	fedripto
bbf032a3aa288f02403295f0472d1f05	ipamor
bc2ccf92bea475f828dcdcb1c8f6cc92	lazy
bc6f4a283b6b8308c60bb70cc81edfd8	fasong
bc7f4c4689f1b8ad395404d1e75c776f	subseven
bcad7aa6cb6cb9d94377cd88acbca1c9	busan
bcf45d515f2a0c6ead1e44ea6371276b	hupigon
bcfc89ca07bd0ad7b9396a0815c9fc39	psychward
bdcaed5042eba30f91b093f0bcb3caf3	zbot
be4a6274679ca966a1d99140db54c25a	killer
be559307f5cd055f123a637b1135c8d3	bionet
be60e389a0108b2871dff12dfbb542ac	thanos
be74cbb86c007309d8004d910f5270f7	hupigon
bf0682b674ef23cf8ba0deeaf546f422	whirlpool
bf1b1a2f4be78d6b62ed7c316c77a9a1	augudor
bf2417bf23a3b7ae2e44676882b4b9dd	yoddos
bf60f5b5c901bab08484838447f1b85e	gamarue
bffc519fbaf2d119bd307cd22368cdc7	symbab
c0d6a2f0b34d9c44ca3433e4d45f187e	ranky
c16b04a9879896ef453a6deb13528087	chubo
c1e92e04cdb432d83ea2610ef226d4cd	netcat
c25393545e5ead3a35996ef9a887bd34	kwak
c38cd09fd5ebd1f0cc378804b2da08c4	hupigon
c3e2bbe5dca96687422f2b4e8c80f4ce	acropolis
c44a9580e17bad0aa27329e51b7d0ae0	wapomi
c4cc1317aea42f7dd4a1b786c5278a24	netshrink
c58d5aecd223ac95ae5fab6dcd69e953	huceqoo
c60f00700bd73ca369195bd32a3f16a3	ruskill
c61733c6bcbbb11cee634e0a3fd672e9	fragtor
c6ba7fcb9eb9bdd7e081e2e84e784dcb	skolpfbacbpk
c6c81e8ba0a7b9da6216a78dfeccec8d	winterlove
c7763bae3376a9f2865a1a18e84c259e	SINGLETON:c7763bae3376a9f2865a1a18e84c259e
c790749f851d48e66e7d59cc2e451956	destrukor
c7aabf5d248c6974b4cea6c070d6d441	singu
c806d23f4343ab40cf897e9c38b5c1c3	backattack
c8f55ce7bbec784a97d7bfc6d7b1931f	hupigon
c9291c93fce757a665352567ca13ec3f	muzzer
c971e978198331bb0b56dc8b47f0b4b0	afix
c98e23742807f3cb5a095f34e0eb0e52	winshell
c9bf7216cdc2673bf4ee2af8b19bcfc8	revil
ca18a07560efa0308827dc972351301f	trance
ca294b2f778abc14fef6313b3cea7155	coins
ca40998b5d62ee7f936537ff3de7993d	darkkomet
ca4e5a6ff033b62fa59de5a5dd24c7f9	bo2k
ca80897ee064ab9af5907344b316a247	noknok
caf26a74ca39662e2c3d37e55a242daf	zetronic
cb02d2f323db18d7415dca47bceab9db	spion
cc3670f1b3e60e00b43c86d787563a44	orcus
ccd3e54eb76b3349db57481a0fe68b35	wollf
cd88a9b686acd9ccf23dba8d248129b4	sircam
ce1963d3fd6a8e1383aac40a1f1c4107	ehks
cedc886b593f013133df39bb6b43a762	zdemon
cf3c08afa6c2d49ba36ed0f895893d71	SINGLETON:cf3c08afa6c2d49ba36ed0f895893d71
d069738f18957117367b8a79195a6a96	psychward
d0fd60516d53b2ad602c460351dbaa85	wollf
d12f38e959d70af76fd263aa1933033c	zdemon
d1791ca15c5df6f8f5d007518efd65b6	francette
d2b933ebadd5c808ca4c68ae173e2d62	ssppyy
d2ee6046fd47de321d1310dccacca92b	darkkomet
d4ac133a9df0c627f899bb6039d04215	zbot
d5256768a01a0e7c2ad5ba1264777f71	SINGLETON:d5256768a01a0e7c2ad5ba1264777f71
d57536189430fd75e45f53845e9b3f94	hupigon
d58b1c2f540268bd9dd920455568d45f	SINGLETON:d58b1c2f540268bd9dd920455568d45f
d6751b148461e0f863548be84020b879	sednit
d6aff119c03ff378d386b30b36b07a69	bifrose
d6b192a4027c7d635499133ca6ce067f	jeemp
d6c930e0ac1df934151d1890f6441fe2	darkkomet
d724feed69ec7b624e4e178ad6579cfb	skrat
d7648b676dd139d1b7ba781816726510	hupigon
d859ba54086fd0313dc34b73b5b1eccb	SINGLETON:d859ba54086fd0313dc34b73b5b1eccb
d871836f77076eeed87eb0078c1911c7	SINGLETON:d871836f77076eeed87eb0078c1911c7
d891c9374ccb2a4cae2274170e8644d8	darkneuron
d9542df20f8df457747451dd9e16d1c0	hupigon
d9822984ed546cbf3ccffd149d1d2af5	netbus
da60b92742abff72930879fa8560b3c3	constructor
daab2c9d58acc367032f32bb8097e310	revil
db01783710e0c5aff92156a0e76deade	demp
db0b3f4aeccb8d26f14b915a9e2529b4	nymeria
db45a906a0a3747398b2b8a5faff5e44	bifrose
db9629508fda139f71f625d764c7eff7	njlogger
dc77b126b205b0f671e505766c607ef1	xrat
dcbc237f21839a6514c8321d5fa631a4	flystudio
dcc1855744f2d740745f096e4f031143	palevo
dcc58648868f1d5c0d7c53250f1bd5c9	ranky
dcf16aed5ad4e0058a6cfcc7593dd9e3	netcat
dd76d8a5874bf8bf05279e35c68449ca	incommander
de25f04dedaffde1be47ef26dc9a8176	ctblocker
de613b96174056ef22b42e112d0e61a5	SINGLETON:de613b96174056ef22b42e112d0e61a5
de6220a8e8fcbbee9763fb10e0ca23d7	SINGLETON:de6220a8e8fcbbee9763fb10e0ca23d7
dec17541412bbc744b9f458862349e34	nyara
dec8f9042986d64e29d62effb482290b	prorat
dedad693898bba0e4964e6c9a749d380	thanos
e087725b01dded75d85a20db58335fa8	ptakks
e0f2bee25dd103d92e91e895e313ec34	banbra
e184abe44bec183a522d2c66bc3f90e0	virlock
e2660742a80433e027ee9bdedc40e190	lanaftp
e2d249f86890d290bb8af599ea0367f3	skynetref
e312385f64e6b8fd667b4f9b5ea1ff70	ranky
e369bbd8acbe8322834e3adbad30ff5c	zxman
e3bb503f9b02cf57341695f30e31128f	honeypot
e3cf225a94c6be5a26fc21a1ec83f418	webcenter
e4737fb6c231bfb84d1a55ec2fb61641	offend
e499a4c359a8cc46e641f39c0ed548f9	mellpon
e60606d19a36789662ba97b4bb5c4ccf	bumat
e61a6755db1c59eb1d219b761de925f4	spyeye
e677149c35cbba118655d9b133da8827	netspy
e85a1028a52fcc723353a236ada54fee	wunport
e865fc7225c84165d7aa0c7d8a1bcb77	acropolis
ea6dfec6c3900ab422875119972d9c62	bropia
ea6ed38ab5264cd92f0d42eb020e87d8	spyeye
ea9ab5983a6fa71e31907e74d4ddbab6	silver
eacaa12336f50f1c395663fba92a4d32	bingle
eb272fe923ccf3e66fde1bf309cbc464	zoxpng
eb6fd418cd3b52132ffb029b52839edf	whgrx
eba3dd81723ddf33621fd85ded577920	birdspy
eba4ce50a036a196484715f60c8a449b	wisell
ecaf6a123fdf1f5660692dfc4c67a933	noknok
ed1e47f62fa93f2fd2f4fbcfdd0f1c10	zapchast
ed4242ad0274d3b311d8722f10b3abea	bumat
ee22eea131c0e00162e4ba370f396a00	sality
ee314e1b913a09ec86c63d7186d8f0b8	ketch
ee699b4055c6199f9826681797d64f0b	krepper
ee8990b5d076a7ed601a30eb677cc9be	plexus
eedd1cfc7acd012bbec464aebc679ee4	conti
ef1e59148c9a902ae5454760aaab73fe	SINGLETON:ef1e59148c9a902ae5454760aaab73fe
f15d05f74899324ecb61ee29ad162fad	SINGLETON:f15d05f74899324ecb61ee29ad162fad
f240c16af2189ea9c94f317281ce7e59	zaratustra
f28e866ce2f99013a66b015f6a7f31a8	juntador
f2b5429feaa7d229418cf499ce5f5822	hupigon
f2fd6a7b400782bb43499e722fb62cf4	SINGLETON:f2fd6a7b400782bb43499e722fb62cf4
f312e3a436995b86b205a1a37b1bf10f	serman
f375f6569e146e432e23589b8f112165	wollf
f393943eb6a80c8321f31c4543ba0bcf	pahador
f4d7d721f68bc9a80aaf53bc184a3c58	phorpiex
f529d60abbdafccce3dc5e5ffd6cdfa6	dusvext
f589ae5fb7879eb0b98fb8096d7152a5	danmec
f60a8d71a822e0e485f22ada8f26c31e	psychward
f72138e574743640bdcdb9f102dff0a5	corty
f78cef7588f9c32609a4932d10c67f95	bnlite
f917c77f60c3c1ac6dbbadbf366ddd30	znyonm
f93e64ac9c3383d0df23662a78a76c07	subhuman
f9dc0a462ada737f36efafac56f22b97	visiotrol
fa00524d7289cdba327d5c34ab3d9bd7	girlfriend
fb24c3509180f463c9deaf2ee6705062	redshell
fb3ac3c9d808de7f4b5ede68715f658f	tufik
fb4fb710f031304d788d9cd1c4201552	phase
fc100ff65f676a26293915407adc211c	anaftp
fc74e80ff2f49380972904d77df1c0f1	SINGLETON:fc74e80ff2f49380972904d77df1c0f1
fc8eaa2a5752b509dbd02989d8d9f2e2	matiteman
fcd611ccbc756fab43761f4b18372b81	pramro
fd14cc7f025f49a3e08b4169d44a774e	zombam
fe0dacbc953d4301232b386fcb3afc23	zbot
fe3fb2e929f95ed03233e7a4d622a28d	carberp
ff30fbee3724d80dcb9471c0b553c99a	googite
ff6516c881dee555b0cd253408b64404	zombam
ffa917e74406b8b77252be2c4f71f6d3	wollf
ffa9b76f9549a2c46415c855a0911e8a	winspy
